{"duration": 6190, "start_time": 0, "eve_amount": 3, "inter_eve_distances": 100, "victim_type": -1, "victim_movement_radius": 0, "victim_speed": 0, "RoI_area": 383.1172047723276, "distance_outside": 0, "eve_locations": [[8.6778631, 49.2919092, 0.275], [6.0954692, 49.8064686, 0.275], [7.8733538, 49.8303517, 0.175], [7.8733538, 49.8303517, 0.175], [6.0954692, 49.8064686, 0.275], [8.6778631, 49.2919092, 0.275], [6.0954692, 49.8064686, 0.275], [7.8733538, 49.8303517, 0.175], [8.6778631, 49.2919092, 0.275], [6.0954692, 49.8064686, 0.275], [7.8733538, 49.8303517, 0.175]], "victim_locations": [[7.750834, 49.4255952, 0.3]], "polygon": [[[1.9434325490215911, -71.34148349828094], [6.946923353999922, -73.71744300401771], [4.81398793013047, -77.78048821626457], [12.00647028957724, -81.43044109931385], [10.686608780010785, -81.94459185619085], [5.1761454458484755, -78.8915942462384], [-0.7221246551062437, -75.642052222083], [-1.1945239724264467, -76.54083665589748], [-2.0224523850567113, -78.12450778004447], [5.396330326014982, -81.8904716633222], [1.7380268396154093, -83.31502710109372], [-0.44258719290303167, -82.10748347947457], [-8.152777756183454, -77.86181615943845], [-8.45528699711953, -77.69616459282014], [-8.859035849908173, -78.46752090234183], [-1.2138451039531182, -82.3496230818448], [-7.219128187517337, -84.68722427526103], [-9.470029447308551, -83.44838764496502], [-14.877697399622472, -85.55257095788365], [-16.889917784050194, -84.79403704481794], [-17.988805386576125, -78.95702076101433], [-19.245790916624248, -72.24111212347628], [-17.496762781039052, -66.87434483702057], [-16.15032908567109, -62.74167593860996], [-13.686850219538348, -63.91335262272181], [-5.876275217277591, -67.62623569297753], [1.9434325490215911, -71.34148349828094]], [[10.795462624982681, -75.67708528583134], [9.064860275950043, -74.72316731898026], [9.772688493993524, -75.0592868900237], [17.61191180289384, -78.77983808305675], [22.724250811988064, -78.91647073273764], [22.78561683869878, -79.02001126697967], [26.755962740274228, -82.37005764377984], [25.95502109108655, -84.1033935336817], [18.583995625146564, -79.99436034926266], [10.795462624982681, -75.67708528583134]]]}